{"train_inverse_rmse": 0.3813621451216398, "epochs": 83, "_runtime": 1231, "_timestamp": 1627813906, "_step": 166, "val_inverse_rmse": 0.17091109648697297, "gradients/_layers.6.bias": {"_type": "histogram", "values": [3.0, 2.0, 1.0, 0.0, 0.0, 0.0, 0.0, 0.0, 0.0, 0.0, 0.0, 0.0, 0.0, 0.0, 0.0, 0.0, 0.0, 0.0, 0.0, 0.0, 0.0, 0.0, 0.0, 0.0, 0.0, 0.0, 0.0, 0.0, 0.0, 0.0, 0.0, 0.0, 0.0, 0.0, 0.0, 0.0, 0.0, 0.0, 0.0, 0.0, 0.0, 0.0, 0.0, 0.0, 0.0, 0.0, 0.0, 0.0, 0.0, 0.0, 0.0, 0.0, 0.0, 0.0, 0.0, 0.0, 0.0, 0.0, 0.0, 0.0, 0.0, 0.0, 0.0, 1.0], "bins": [-0.0022941138595342636, -0.00025979173369705677, 0.00177453039214015, 0.0038088522851467133, 0.005843174643814564, 0.007877497002482414, 0.00991181842982769, 0.01194614078849554, 0.013980463147163391, 0.016014784574508667, 0.018049107864499092, 0.020083429291844368, 0.022117750719189644, 0.02415207400918007, 0.026186395436525345, 0.02822071872651577, 0.030255040153861046, 0.03228936344385147, 0.03432368487119675, 0.03635800629854202, 0.0383923277258873, 0.040426649153232574, 0.04246097058057785, 0.044495292007923126, 0.0465296134352684, 0.048563942313194275, 0.05059826374053955, 0.05263258516788483, 0.0546669065952301, 0.05670122802257538, 0.058735549449920654, 0.06076987087726593, 0.0628041923046112, 0.06483851373195648, 0.06687283515930176, 0.06890715658664703, 0.07094147801399231, 0.07297579944133759, 0.07501012831926346, 0.07704444974660873, 0.07907877117395401, 0.08111309260129929, 0.08314741402864456, 0.08518173545598984, 0.08721605688333511, 0.08925037831068039, 0.09128469973802567, 0.09331902116537094, 0.09535334259271622, 0.09738767147064209, 0.09942199289798737, 0.10145631432533264, 0.10349063575267792, 0.1055249571800232, 0.10755927860736847, 0.10959360003471375, 0.11162792146205902, 0.1136622428894043, 0.11569656431674957, 0.11773089319467545, 0.11976521462202072, 0.121799536049366, 0.12383385747671127, 0.12586818635463715, 0.12790250778198242]}, "gradients/_layers.6.weight": {"_type": "histogram", "values": [3.0, 13.0, 112.0, 3327.0, 24.0, 10.0, 3.0, 1.0, 0.0, 1.0, 0.0, 0.0, 0.0, 0.0, 0.0, 0.0, 0.0, 0.0, 0.0, 0.0, 0.0, 0.0, 0.0, 0.0, 0.0, 0.0, 0.0, 1.0, 0.0, 0.0, 0.0, 0.0, 0.0, 1.0, 0.0, 0.0, 1.0, 0.0, 1.0, 0.0, 0.0, 0.0, 0.0, 0.0, 0.0, 0.0, 0.0, 0.0, 0.0, 0.0, 0.0, 0.0, 0.0, 1.0, 0.0, 0.0, 0.0, 0.0, 0.0, 0.0, 0.0, 0.0, 0.0, 1.0], "bins": [-0.014375823549926281, -0.009843377396464348, -0.005310931243002415, -0.0007784850895404816, 0.0037539610639214516, 0.00828640628606081, 0.012818853370845318, 0.01735129952430725, 0.02188374474644661, 0.026416189968585968, 0.030948635190725327, 0.035481084138154984, 0.04001352936029434, 0.0445459745824337, 0.04907842352986336, 0.05361086502671242, 0.058143313974142075, 0.06267576664686203, 0.06720820814371109, 0.07174065709114075, 0.07627309858798981, 0.08080554753541946, 0.08533799648284912, 0.08987043797969818, 0.09440288692712784, 0.0989353358745575, 0.10346777737140656, 0.10800022631883621, 0.11253267526626587, 0.11706511676311493, 0.12159755825996399, 0.12613001465797424, 0.1306624561548233, 0.13519489765167236, 0.13972735404968262, 0.14425979554653168, 0.14879223704338074, 0.153324693441391, 0.15785713493824005, 0.1623895764350891, 0.16692201793193817, 0.17145447432994843, 0.17598691582679749, 0.18051935732364655, 0.1850518137216568, 0.18958425521850586, 0.19411669671535492, 0.19864915311336517, 0.20318159461021423, 0.2077140361070633, 0.21224649250507355, 0.2167789340019226, 0.22131137549877167, 0.22584383189678192, 0.23037627339363098, 0.23490871489048004, 0.2394411712884903, 0.24397359788417816, 0.24850605428218842, 0.2530384957790375, 0.25757092237472534, 0.2621033787727356, 0.26663583517074585, 0.2711682617664337, 0.27570071816444397]}, "gradients/_layers.4.bias": {"_type": "histogram", "values": [1.0, 0.0, 0.0, 0.0, 0.0, 0.0, 0.0, 0.0, 0.0, 0.0, 0.0, 1.0, 0.0, 0.0, 0.0, 1.0, 0.0, 0.0, 0.0, 2.0, 2.0, 105.0, 384.0, 2.0, 0.0, 0.0, 0.0, 0.0, 0.0, 0.0, 0.0, 0.0, 1.0, 0.0, 0.0, 0.0, 0.0, 0.0, 0.0, 0.0, 0.0, 0.0, 0.0, 0.0, 0.0, 0.0, 0.0, 0.0, 0.0, 0.0, 0.0, 0.0, 0.0, 0.0, 0.0, 0.0, 0.0, 0.0, 0.0, 0.0, 0.0, 0.0, 0.0, 1.0], "bins": [-0.004658801946789026, -0.004447304643690586, -0.004235806874930859, -0.0040243095718324184, -0.0038128122687339783, -0.0036013147328048944, -0.0033898171968758106, -0.0031783198937773705, -0.0029668223578482866, -0.002755324821919203, -0.0025438275188207626, -0.002332329982891679, -0.002120832446962595, -0.0019093351438641548, -0.001697837607935071, -0.0014863403048366308, -0.001274842768907547, -0.0010633452329784632, -0.000851847929880023, -0.0006403503939509392, -0.000428853090852499, -0.00021735532209277153, -5.85801899433136e-06, 0.0002056392841041088, 0.0004171370528638363, 0.0006286343559622765, 0.0008401316590607166, 0.0010516289621591568, 0.0012631267309188843, 0.0014746240340173244, 0.0016861213371157646, 0.001897619105875492, 0.0021091164089739323, 0.0023206137120723724, 0.0025321114808321, 0.00274360878393054, 0.0029551060870289803, 0.0031666033901274204, 0.003378101158887148, 0.0035895989276468754, 0.0038010957650840282, 0.004012593533843756, 0.004224091302603483, 0.004435588140040636, 0.0046470859088003635, 0.004858583677560091, 0.005070080514997244, 0.005281578283756971, 0.005493076052516699, 0.005704572889953852, 0.005916070658713579, 0.006127567496150732, 0.0063390652649104595, 0.006550563033670187, 0.00676205987110734, 0.006973557639867067, 0.007185055408626795, 0.007396552246063948, 0.007608050014823675, 0.00781954824924469, 0.008031044155359268, 0.008242541924118996, 0.008454039692878723, 0.00866553746163845, 0.008877035230398178]}, "gradients/_layers.4.weight": {"_type": "histogram", "values": [1.0, 1.0, 1.0, 0.0, 1.0, 0.0, 0.0, 0.0, 2.0, 0.0, 0.0, 1.0, 2.0, 1.0, 0.0, 7.0, 1.0, 3.0, 2.0, 6.0, 14.0, 348.0, 249563.0, 20.0, 7.0, 4.0, 0.0, 0.0, 2.0, 0.0, 1.0, 3.0, 0.0, 2.0, 1.0, 0.0, 0.0, 0.0, 0.0, 0.0, 0.0, 0.0, 0.0, 0.0, 0.0, 0.0, 0.0, 0.0, 2.0, 0.0, 0.0, 0.0, 0.0, 0.0, 0.0, 0.0, 1.0, 0.0, 0.0, 1.0, 1.0, 0.0, 0.0, 1.0], "bins": [-0.06161182001233101, -0.05882365256547928, -0.05603548884391785, -0.053247321397066116, -0.050459153950214386, -0.047670990228652954, -0.044882822781801224, -0.04209465533494949, -0.03930649161338806, -0.03651832416653633, -0.0337301567196846, -0.03094199113547802, -0.02815382555127144, -0.025365658104419708, -0.022577490657567978, -0.019789326936006546, -0.017001159489154816, -0.014212992042303085, -0.011424828320741653, -0.008636660873889923, -0.005848493427038193, -0.003060329705476761, -0.0002721622586250305, 0.0025160051882267, 0.005304168909788132, 0.00809234008193016, 0.010880503803491592, 0.013668667525053024, 0.016456838697195053, 0.019245002418756485, 0.022033166140317917, 0.024821337312459946, 0.027609501034021378, 0.03039766475558281, 0.03318583592772484, 0.03597399964928627, 0.0387621633708477, 0.04155033454298973, 0.04433849826455116, 0.047126661986112595, 0.04991483315825462, 0.052702996879816055, 0.05549116060137749, 0.058279331773519516, 0.06106749549508095, 0.06385566294193268, 0.06664383411407471, 0.06943200528621674, 0.07222016155719757, 0.0750083327293396, 0.07779650390148163, 0.08058466017246246, 0.08337283134460449, 0.08616100251674652, 0.08894915878772736, 0.09173732995986938, 0.09452550113201141, 0.09731365740299225, 0.10010182857513428, 0.1028899997472763, 0.10567815601825714, 0.10846632719039917, 0.1112544983625412, 0.11404265463352203, 0.11683082580566406]}, "gradients/_layers.2.bias": {"_type": "histogram", "values": [1.0, 0.0, 0.0, 0.0, 0.0, 0.0, 0.0, 0.0, 0.0, 0.0, 0.0, 0.0, 0.0, 0.0, 0.0, 0.0, 0.0, 0.0, 0.0, 0.0, 0.0, 0.0, 0.0, 0.0, 0.0, 0.0, 1.0, 0.0, 0.0, 1.0, 2.0, 2.0, 4.0, 68.0, 413.0, 2.0, 1.0, 1.0, 1.0, 0.0, 0.0, 1.0, 0.0, 0.0, 0.0, 0.0, 0.0, 0.0, 0.0, 0.0, 0.0, 0.0, 0.0, 0.0, 0.0, 0.0, 0.0, 0.0, 0.0, 1.0, 0.0, 0.0, 0.0, 1.0],